"['Surprise', 100.0]","['Surprise', 80.0]","['Surprise', 60.0]"
"['Surprise', 100.0]","['Surprise', 60.0]","['Surprise', 60.0]"
"['Surprise', 100.0]","['Surprise', 46.66666666666667]","['Surprise', 60.0]"
"['Surprise', 100.0]","['Surprise', 40.0]","['Surprise', 48.0]"
"['Surprise', 100.0]","['Surprise', 40.0]","['Surprise', 45.0]"
"['Surprise', 86.66666666666666]","['Surprise', 37.142857142857146]","['Surprise', 40.0]"
"['Surprise', 80.0]","['Surprise', 35.0]","['Surprise', 40.0]"
"['Surprise', 80.0]","['Surprise', 33.333333333333336]","['Surprise', 34.285714285714285]"
"['Surprise', 80.0]","['Surprise', 32.5]","['Surprise', 33.333333333333336]"
"['Surprise', 80.0]","['Surprise', 31.428571428571427]","['Surprise', 20.0]"
"['Surprise', 80.0]","['Surprise', 30.76923076923077]","['Sadness', 40.0]"
"['Surprise', 80.0]","['Surprise', 28.0]","['Sadness', 27.5]"
"['Surprise', 80.0]","['Surprise', 25.0]","['Sadness', 24.0]"
"['Surprise', 80.0]","['Surprise', 24.0]","['Sadness', 20.0]"
"['Surprise', 80.0]","['Surprise', 23.333333333333336]","['Sadness', 20.0]"
"['Surprise', 80.0]","['Surprise', 23.333333333333336]","['Sadness', 20.0]"
"['Surprise', 80.0]","['Surprise', 20.0]","['Sadness', 20.0]"
"['Surprise', 80.0]","['Surprise', 20.0]","['Sadness', 20.0]"
"['Surprise', 80.0]","['Surprise', 20.0]","['Sadness', 20.0]"
"['Surprise', 80.0]","['Surprise', 20.0]","['Sadness', 20.0]"
"['Surprise', 80.0]","['Surprise', 20.0]","['Sadness', 20.0]"
"['Surprise', 80.0]","['Surprise', 20.0]","['Sadness', 20.0]"
"['Surprise', 73.33333333333333]","['Surprise', 18.461538461538463]","['Sadness', 20.0]"
"['Surprise', 73.33333333333333]","['Surprise', 17.5]","['Sadness', 20.0]"
"['Surprise', 73.33333333333333]","['Surprise', 16.0]","['Sadness', 20.0]"
"['Surprise', 73.33333333333333]","['Surprise', 14.285714285714286]","['Sadness', 14.285714285714286]"
"['Surprise', 73.33333333333333]","['Surprise', 13.333333333333332]","['Sadness', 13.333333333333332]"
"['Surprise', 73.33333333333333]","['Surprise', 13.333333333333332]","['Sadness', 13.333333333333332]"
"['Surprise', 72.0]","['Surprise', 12.5]","['Sadness', 13.333333333333332]"
"['Surprise', 70.0]","['Surprise', 11.428571428571427]","['Sadness', 13.333333333333332]"
"['Surprise', 70.0]","['Sadness', 46.66666666666667]","['Sadness', 13.333333333333332]"
"['Surprise', 70.0]","['Sadness', 40.0]","['Sadness', 13.333333333333332]"
"['Surprise', 70.0]","['Sadness', 20.0]","['Sadness', 13.043478260869566]"
"['Surprise', 70.0]","['Sadness', 20.0]","['Sadness', 12.0]"
"['Surprise', 70.0]","['Sadness', 20.0]","['Sadness', 11.428571428571427]"
"['Surprise', 70.0]","['Sadness', 20.0]","['Sadness', 11.428571428571427]"
"['Surprise', 70.0]","['Sadness', 20.0]","['Sadness', 11.11111111111111]"
"['Surprise', 70.0]","['Sadness', 20.0]","['Fear', 46.66666666666667]"
"['Surprise', 66.66666666666667]","['Sadness', 20.0]","['Fear', 40.0]"
"['Surprise', 66.66666666666667]","['Sadness', 20.0]","['Fear', 40.0]"
"['Surprise', 66.66666666666667]","['Sadness', 20.0]","['Fear', 35.0]"
"['Surprise', 65.71428571428571]","['Sadness', 20.0]","['Fear', 33.333333333333336]"
"['Surprise', 65.0]","['Sadness', 20.0]","['Fear', 30.0]"
"['Surprise', 65.0]","['Sadness', 20.0]","['Fear', 30.0]"
"['Surprise', 65.0]","['Sadness', 20.0]","['Fear', 29.090909090909093]"
"['Surprise', 65.0]","['Sadness', 20.0]","['Fear', 28.571428571428573]"
"['Surprise', 65.0]","['Sadness', 20.0]","['Fear', 28.0]"
"['Surprise', 65.0]","['Sadness', 20.0]","['Fear', 28.0]"
"['Surprise', 64.0]","['Sadness', 20.0]","['Fear', 27.5]"
"['Surprise', 64.0]","['Sadness', 20.0]","['Fear', 27.5]"
"['Surprise', 63.33333333333333]","['Sadness', 20.0]","['Fear', 24.0]"
"['Surprise', 60.0]","['Sadness', 20.0]","['Fear', 24.0]"
"['Surprise', 60.0]","['Sadness', 20.0]","['Fear', 23.333333333333336]"
"['Surprise', 60.0]","['Sadness', 20.0]","['Fear', 22.857142857142854]"
"['Surprise', 60.0]","['Sadness', 16.666666666666668]","['Fear', 22.857142857142854]"
"['Surprise', 60.0]","['Sadness', 15.0]","['Fear', 22.5]"
"['Surprise', 60.0]","['Sadness', 15.0]","['Fear', 22.10526315789474]"
"['Surprise', 60.0]","['Sadness', 15.0]","['Fear', 21.176470588235293]"
"['Surprise', 60.0]","['Sadness', 13.333333333333332]","['Fear', 20.0]"
"['Surprise', 60.0]","['Sadness', 13.333333333333332]","['Fear', 20.0]"
"['Surprise', 60.0]","['Sadness', 13.333333333333332]","['Fear', 20.0]"
"['Surprise', 60.0]","['Sadness', 11.428571428571427]","['Fear', 20.0]"
"['Surprise', 60.0]","['Fear', 80.0]","['Fear', 20.0]"
"['Surprise', 60.0]","['Fear', 60.0]","['Fear', 20.0]"
"['Surprise', 60.0]","['Fear', 50.0]","['Fear', 20.0]"
"['Surprise', 60.0]","['Fear', 40.0]","['Fear', 20.0]"
"['Surprise', 60.0]","['Fear', 40.0]","['Fear', 20.0]"
"['Surprise', 60.0]","['Fear', 40.0]","['Fear', 20.0]"
"['Surprise', 60.0]","['Fear', 40.0]","['Fear', 20.0]"
"['Surprise', 60.0]","['Fear', 40.0]","['Fear', 20.0]"
"['Surprise', 60.0]","['Fear', 35.0]","['Fear', 20.0]"
"['Surprise', 60.0]","['Fear', 33.333333333333336]","['Fear', 20.0]"
"['Surprise', 60.0]","['Fear', 33.333333333333336]","['Fear', 20.0]"
"['Surprise', 60.0]","['Fear', 30.0]","['Fear', 20.0]"
"['Surprise', 60.0]","['Fear', 30.0]","['Fear', 20.0]"
"['Surprise', 60.0]","['Fear', 26.666666666666664]","['Fear', 20.0]"
"['Surprise', 60.0]","['Fear', 26.666666666666664]","['Fear', 20.0]"
"['Surprise', 60.0]","['Fear', 25.714285714285715]","['Fear', 20.0]"
"['Surprise', 60.0]","['Fear', 25.0]","['Fear', 20.0]"
"['Surprise', 60.0]","['Fear', 24.615384615384617]","['Fear', 20.0]"
"['Surprise', 60.0]","['Fear', 24.0]","['Fear', 20.0]"
"['Surprise', 60.0]","['Fear', 22.857142857142854]","['Fear', 20.0]"
"['Surprise', 60.0]","['Fear', 22.5]","['Fear', 20.0]"
"['Surprise', 60.0]","['Fear', 20.0]","['Fear', 20.0]"
"['Surprise', 60.0]","['Fear', 20.0]","['Fear', 20.0]"
"['Surprise', 60.0]","['Fear', 20.0]","['Fear', 20.0]"
"['Surprise', 60.0]","['Fear', 20.0]","['Fear', 18.666666666666668]"
"['Surprise', 60.0]","['Fear', 19.23076923076923]","['Fear', 17.77777777777778]"
"['Surprise', 60.0]","['Fear', 18.88888888888889]","['Fear', 16.666666666666668]"
"['Surprise', 57.5]","['Fear', 16.666666666666668]","['Fear', 16.666666666666668]"
"['Surprise', 57.5]","['Fear', 16.666666666666668]","['Fear', 16.0]"
"['Surprise', 56.66666666666667]","['Fear', 16.666666666666668]","['Fear', 15.0]"
"['Surprise', 56.36363636363637]","['Fear', 15.714285714285714]","['Fear', 15.0]"
"['Surprise', 56.0]","['Fear', 15.294117647058822]","['Fear', 15.0]"
"['Surprise', 56.0]","['Fear', 14.285714285714286]","['Fear', 14.285714285714286]"
"['Surprise', 56.0]","['Fear', 14.285714285714286]","['Fear', 14.285714285714286]"
"['Surprise', 56.0]","['Fear', 13.333333333333332]","['Fear', 14.0]"
"['Surprise', 56.0]","['Fear', 12.941176470588236]","['Fear', 13.333333333333332]"
"['Surprise', 55.55555555555556]","['Fear', 12.857142857142858]","['Fear', 13.333333333333332]"
"['Surprise', 55.0]","['Fear', 11.428571428571427]","['Fear', 13.333333333333332]"
"['Surprise', 55.0]","['Fear', 11.11111111111111]","['Fear', 13.333333333333332]"
"['Surprise', 55.0]","['Disgust', 80.0]","['Fear', 13.043478260869566]"
"['Surprise', 54.0]","['Disgust', 70.0]","['Fear', 12.5]"
"['Surprise', 53.33333333333333]","['Disgust', 60.0]","['Fear', 12.307692307692308]"
"['Surprise', 53.33333333333333]","['Disgust', 60.0]","['Fear', 12.0]"
"['Surprise', 52.5]","['Disgust', 60.0]","['Fear', 11.428571428571427]"
"['Surprise', 52.5]","['Disgust', 55.0]","['Fear', 11.428571428571427]"
"['Surprise', 52.5]","['Disgust', 50.0]","['Fear', 10.909090909090908]"
"['Surprise', 52.5]","['Disgust', 50.0]","['Disgust', 60.0]"
"['Surprise', 52.5]","['Disgust', 50.0]","['Disgust', 50.0]"
"['Surprise', 52.5]","['Disgust', 50.0]","['Disgust', 50.0]"
"['Surprise', 52.0]","['Disgust', 50.0]","['Disgust', 46.66666666666667]"
"['Surprise', 52.0]","['Disgust', 48.0]","['Disgust', 46.66666666666667]"
"['Surprise', 52.0]","['Disgust', 48.0]","['Disgust', 40.0]"
"['Surprise', 52.0]","['Disgust', 48.0]","['Disgust', 40.0]"
"['Surprise', 52.0]","['Disgust', 48.0]","['Disgust', 40.0]"
"['Surprise', 52.0]","['Disgust', 48.0]","['Disgust', 35.0]"
"['Surprise', 52.0]","['Disgust', 46.66666666666667]","['Disgust', 33.333333333333336]"
"['Surprise', 52.0]","['Disgust', 45.0]","['Disgust', 33.333333333333336]"
"['Surprise', 51.42857142857143]","['Disgust', 45.0]","['Disgust', 33.333333333333336]"
"['Surprise', 51.42857142857143]","['Disgust', 45.0]","['Disgust', 33.333333333333336]"
"['Surprise', 50.0]","['Disgust', 45.0]","['Disgust', 33.333333333333336]"
"['Surprise', 50.0]","['Disgust', 44.0]","['Disgust', 33.333333333333336]"
"['Surprise', 50.0]","['Disgust', 44.0]","['Disgust', 33.333333333333336]"
"['Surprise', 50.0]","['Disgust', 43.33333333333333]","['Disgust', 32.5]"
"['Surprise', 50.0]","['Disgust', 40.0]","['Disgust', 30.256410256410255]"
"['Surprise', 50.0]","['Disgust', 40.0]","['Disgust', 30.0]"
"['Surprise', 50.0]","['Disgust', 40.0]","['Disgust', 30.0]"
"['Surprise', 50.0]","['Disgust', 40.0]","['Disgust', 30.0]"
"['Surprise', 50.0]","['Disgust', 40.0]","['Disgust', 28.0]"
"['Surprise', 50.0]","['Disgust', 40.0]","['Disgust', 27.692307692307693]"
"['Surprise', 50.0]","['Disgust', 40.0]","['Disgust', 26.666666666666664]"
"['Surprise', 50.0]","['Disgust', 40.0]","['Disgust', 26.666666666666664]"
"['Surprise', 50.0]","['Disgust', 40.0]","['Disgust', 26.666666666666664]"
"['Surprise', 49.411764705882355]","['Disgust', 40.0]","['Disgust', 26.666666666666664]"
"['Surprise', 49.333333333333336]","['Disgust', 40.0]","['Disgust', 25.714285714285715]"
"['Surprise', 48.88888888888889]","['Disgust', 40.0]","['Disgust', 25.714285714285715]"
"['Surprise', 48.57142857142857]","['Disgust', 40.0]","['Disgust', 25.714285714285715]"
"['Surprise', 48.57142857142857]","['Disgust', 40.0]","['Disgust', 25.0]"
"['Surprise', 48.57142857142857]","['Disgust', 40.0]","['Disgust', 25.0]"
"['Surprise', 48.57142857142857]","['Disgust', 40.0]","['Disgust', 25.0]"
"['Surprise', 48.23529411764706]","['Disgust', 40.0]","['Disgust', 25.0]"
"['Surprise', 48.205128205128204]","['Disgust', 40.0]","['Disgust', 24.615384615384617]"
"['Surprise', 48.0]","['Disgust', 40.0]","['Disgust', 24.0]"
"['Surprise', 48.0]","['Disgust', 40.0]","['Disgust', 24.0]"
"['Surprise', 48.0]","['Disgust', 40.0]","['Disgust', 24.0]"
"['Surprise', 48.0]","['Disgust', 40.0]","['Disgust', 23.636363636363637]"
"['Surprise', 48.0]","['Disgust', 40.0]","['Disgust', 23.333333333333336]"
"['Surprise', 47.69230769230769]","['Disgust', 40.0]","['Disgust', 22.857142857142854]"
"['Surprise', 47.5]","['Disgust', 40.0]","['Disgust', 22.666666666666664]"
"['Surprise', 47.368421052631575]","['Disgust', 40.0]","['Disgust', 22.5531914893617]"
"['Surprise', 46.66666666666667]","['Disgust', 40.0]","['Disgust', 22.22222222222222]"
"['Surprise', 46.66666666666667]","['Disgust', 40.0]","['Disgust', 22.22222222222222]"
"['Surprise', 46.66666666666667]","['Disgust', 40.0]","['Disgust', 22.0]"
"['Surprise', 46.66666666666667]","['Disgust', 40.0]","['Disgust', 21.93548387096774]"
"['Surprise', 46.66666666666667]","['Disgust', 40.0]","['Disgust', 21.93548387096774]"
"['Surprise', 46.66666666666667]","['Disgust', 37.77777777777778]","['Disgust', 20.0]"
"['Surprise', 46.66666666666667]","['Disgust', 37.5]","['Disgust', 20.0]"
"['Surprise', 46.66666666666667]","['Disgust', 37.5]","['Disgust', 20.0]"
"['Surprise', 46.66666666666667]","['Disgust', 36.666666666666664]","['Disgust', 20.0]"
"['Surprise', 46.66666666666667]","['Disgust', 36.41025641025641]","['Disgust', 20.0]"
"['Surprise', 46.66666666666667]","['Disgust', 36.0]","['Disgust', 20.0]"
"['Surprise', 46.66666666666667]","['Disgust', 36.0]","['Disgust', 20.0]"
"['Surprise', 46.66666666666667]","['Disgust', 36.0]","['Disgust', 20.0]"
"['Surprise', 46.66666666666667]","['Disgust', 36.0]","['Disgust', 20.0]"
"['Surprise', 45.71428571428571]","['Disgust', 35.55555555555556]","['Disgust', 20.0]"
"['Surprise', 45.71428571428571]","['Disgust', 35.294117647058826]","['Disgust', 20.0]"
"['Surprise', 45.45454545454546]","['Disgust', 35.0]","['Disgust', 20.0]"
"['Surprise', 45.45454545454546]","['Disgust', 35.0]","['Disgust', 18.620689655172413]"
"['Surprise', 45.0]","['Disgust', 35.0]","['Disgust', 18.0]"
"['Surprise', 45.0]","['Disgust', 35.0]","['Disgust', 18.0]"
"['Surprise', 45.0]","['Disgust', 35.0]","['Disgust', 18.0]"
"['Surprise', 45.0]","['Disgust', 35.0]","['Disgust', 17.77777777777778]"
"['Surprise', 45.0]","['Disgust', 34.285714285714285]","['Disgust', 16.666666666666668]"
"['Surprise', 45.0]","['Disgust', 34.11764705882353]","['Disgust', 16.666666666666668]"
"['Surprise', 45.0]","['Disgust', 33.75]","['Disgust', 16.363636363636363]"
"['Surprise', 45.0]","['Disgust', 33.333333333333336]","['Disgust', 15.714285714285714]"
"['Surprise', 45.0]","['Disgust', 33.333333333333336]","['Disgust', 15.555555555555555]"
"['Surprise', 44.705882352941174]","['Disgust', 33.333333333333336]","['Disgust', 15.0]"
"['Surprise', 44.44444444444444]","['Disgust', 33.333333333333336]","['Disgust', 14.615384615384615]"
"['Surprise', 44.28571428571429]","['Disgust', 33.333333333333336]","['Disgust', 14.444444444444445]"
"['Surprise', 44.117647058823536]","['Disgust', 33.333333333333336]","['Disgust', 14.285714285714286]"
"['Surprise', 44.0]","['Disgust', 33.333333333333336]","['Disgust', 13.333333333333332]"
"['Surprise', 44.0]","['Disgust', 33.333333333333336]","['Disgust', 13.333333333333332]"
"['Surprise', 44.0]","['Disgust', 33.333333333333336]","['Anger', 80.0]"
"['Surprise', 44.0]","['Disgust', 33.333333333333336]","['Anger', 70.0]"
"['Surprise', 44.0]","['Disgust', 33.333333333333336]","['Anger', 50.0]"
"['Surprise', 44.0]","['Disgust', 33.333333333333336]","['Anger', 48.0]"
"['Surprise', 43.846153846153854]","['Disgust', 33.333333333333336]","['Anger', 48.0]"
"['Surprise', 43.75]","['Disgust', 33.333333333333336]","['Anger', 48.0]"
"['Surprise', 43.63636363636363]","['Disgust', 33.333333333333336]","['Anger', 46.66666666666667]"
"['Surprise', 43.47826086956522]","['Disgust', 32.72727272727273]","['Anger', 45.0]"
"['Surprise', 43.33333333333333]","['Disgust', 32.72727272727273]","['Anger', 43.33333333333333]"
"['Surprise', 43.33333333333333]","['Disgust', 32.72727272727273]","['Anger', 40.0]"
"['Surprise', 43.33333333333333]","['Disgust', 32.5]","['Anger', 40.0]"
"['Surprise', 43.33333333333333]","['Disgust', 32.5]","['Anger', 40.0]"
"['Surprise', 43.33333333333333]","['Disgust', 32.5]","['Anger', 40.0]"
"['Surprise', 43.07692307692307]","['Disgust', 32.5]","['Anger', 40.0]"
"['Surprise', 42.857142857142854]","['Disgust', 32.5]","['Anger', 40.0]"
"['Surprise', 42.857142857142854]","['Disgust', 32.0]","['Anger', 40.0]"
"['Surprise', 42.857142857142854]","['Disgust', 32.0]","['Anger', 40.0]"
"['Surprise', 42.857142857142854]","['Disgust', 32.0]","['Anger', 40.0]"
"['Surprise', 42.857142857142854]","['Disgust', 32.0]","['Anger', 40.0]"
"['Surprise', 42.5]","['Disgust', 32.0]","['Anger', 40.0]"
"['Surprise', 42.22222222222222]","['Disgust', 32.0]","['Anger', 40.0]"
"['Surprise', 42.22222222222222]","['Disgust', 32.0]","['Anger', 40.0]"
"['Surprise', 42.22222222222222]","['Disgust', 32.0]","['Anger', 40.0]"
"['Surprise', 41.875]","['Disgust', 31.875]","['Anger', 40.0]"
"['Surprise', 41.81818181818181]","['Disgust', 31.428571428571427]","['Anger', 40.0]"
"['Surprise', 41.81818181818181]","['Disgust', 31.428571428571427]","['Anger', 40.0]"
"['Surprise', 41.81818181818181]","['Disgust', 31.11111111111111]","['Anger', 40.0]"
"['Surprise', 41.66666666666667]","['Disgust', 31.11111111111111]","['Anger', 40.0]"
"['Surprise', 41.66666666666667]","['Disgust', 31.11111111111111]","['Anger', 40.0]"
"['Surprise', 41.333333333333336]","['Disgust', 31.052631578947366]","['Anger', 40.0]"
"['Surprise', 41.333333333333336]","['Disgust', 30.909090909090907]","['Anger', 40.0]"
"['Surprise', 41.25]","['Disgust', 30.0]","['Anger', 40.0]"
"['Surprise', 41.25]","['Disgust', 30.0]","['Anger', 37.5]"
"['Surprise', 41.0]","['Disgust', 30.0]","['Anger', 37.142857142857146]"
"['Surprise', 40.0]","['Disgust', 30.0]","['Anger', 36.666666666666664]"
"['Surprise', 40.0]","['Disgust', 30.0]","['Anger', 36.0]"
"['Surprise', 40.0]","['Disgust', 30.0]","['Anger', 36.0]"
"['Surprise', 40.0]","['Disgust', 30.0]","['Anger', 35.0]"
"['Surprise', 40.0]","['Disgust', 30.0]","['Anger', 35.0]"
"['Surprise', 40.0]","['Disgust', 30.0]","['Anger', 35.0]"
"['Surprise', 40.0]","['Disgust', 30.0]","['Anger', 35.0]"
"['Surprise', 40.0]","['Disgust', 30.0]","['Anger', 35.0]"
"['Surprise', 40.0]","['Disgust', 30.0]","['Anger', 35.0]"
"['Surprise', 40.0]","['Disgust', 30.0]","['Anger', 34.285714285714285]"
"['Surprise', 40.0]","['Disgust', 30.0]","['Anger', 33.333333333333336]"
"['Surprise', 40.0]","['Disgust', 30.0]","['Anger', 33.333333333333336]"
"['Surprise', 40.0]","['Disgust', 30.0]","['Anger', 33.333333333333336]"
"['Surprise', 40.0]","['Disgust', 30.0]","['Anger', 33.333333333333336]"
"['Surprise', 40.0]","['Disgust', 30.0]","['Anger', 33.333333333333336]"
"['Surprise', 40.0]","['Disgust', 30.0]","['Anger', 33.333333333333336]"
"['Surprise', 40.0]","['Disgust', 30.0]","['Anger', 33.333333333333336]"
"['Surprise', 40.0]","['Disgust', 30.0]","['Anger', 33.333333333333336]"
"['Surprise', 40.0]","['Disgust', 29.473684210526315]","['Anger', 33.333333333333336]"
"['Surprise', 40.0]","['Disgust', 29.333333333333332]","['Anger', 32.94117647058823]"
"['Surprise', 40.0]","['Disgust', 29.090909090909093]","['Anger', 32.72727272727273]"
"['Surprise', 40.0]","['Disgust', 28.88888888888889]","['Anger', 32.5]"
"['Surprise', 40.0]","['Disgust', 28.88888888888889]","['Anger', 32.5]"
"['Surprise', 40.0]","['Disgust', 28.75]","['Anger', 32.5]"
"['Surprise', 40.0]","['Disgust', 28.571428571428573]","['Anger', 32.0]"
"['Surprise', 40.0]","['Disgust', 28.571428571428573]","['Anger', 32.0]"
"['Surprise', 40.0]","['Disgust', 28.571428571428573]","['Anger', 32.0]"
"['Surprise', 40.0]","['Disgust', 28.333333333333336]","['Anger', 31.794871794871792]"
"['Surprise', 40.0]","['Disgust', 28.333333333333336]","['Anger', 31.76470588235294]"
"['Surprise', 40.0]","['Disgust', 28.23529411764706]","['Anger', 31.428571428571427]"
"['Surprise', 40.0]","['Disgust', 28.14814814814815]","['Anger', 31.11111111111111]"
"['Surprise', 40.0]","['Disgust', 28.0]","['Anger', 31.11111111111111]"
"['Surprise', 40.0]","['Disgust', 28.0]","['Anger', 31.11111111111111]"
"['Surprise', 40.0]","['Disgust', 28.0]","['Anger', 30.625]"
"['Surprise', 40.0]","['Disgust', 28.0]","['Anger', 30.0]"
"['Surprise', 40.0]","['Disgust', 28.0]","['Anger', 30.0]"
"['Surprise', 40.0]","['Disgust', 28.0]","['Anger', 30.0]"
"['Surprise', 40.0]","['Disgust', 28.0]","['Anger', 30.0]"
"['Surprise', 40.0]","['Disgust', 27.741935483870968]","['Anger', 30.0]"
"['Surprise', 40.0]","['Disgust', 27.692307692307693]","['Anger', 30.0]"
"['Surprise', 40.0]","['Disgust', 27.647058823529413]","['Anger', 30.0]"
"['Surprise', 40.0]","['Disgust', 27.5]","['Anger', 30.0]"
"['Surprise', 40.0]","['Disgust', 27.27272727272727]","['Anger', 30.0]"
"['Surprise', 40.0]","['Disgust', 27.27272727272727]","['Anger', 30.0]"
"['Surprise', 40.0]","['Disgust', 27.142857142857146]","['Anger', 30.0]"
"['Surprise', 40.0]","['Disgust', 26.666666666666664]","['Anger', 30.0]"
"['Surprise', 40.0]","['Disgust', 26.666666666666664]","['Anger', 30.0]"
"['Surprise', 40.0]","['Disgust', 26.666666666666664]","['Anger', 30.0]"
"['Surprise', 40.0]","['Disgust', 26.666666666666664]","['Anger', 30.0]"
"['Surprise', 40.0]","['Disgust', 26.666666666666664]","['Anger', 28.88888888888889]"
"['Surprise', 40.0]","['Disgust', 26.666666666666664]","['Anger', 28.88888888888889]"
"['Surprise', 40.0]","['Disgust', 26.666666666666664]","['Anger', 28.75]"
"['Surprise', 39.55555555555556]","['Disgust', 26.666666666666664]","['Anger', 28.571428571428573]"
"['Surprise', 39.523809523809526]","['Disgust', 26.666666666666664]","['Anger', 28.571428571428573]"
"['Surprise', 39.285714285714285]","['Disgust', 26.666666666666664]","['Anger', 28.0]"
"['Surprise', 39.0]","['Disgust', 26.666666666666664]","['Anger', 28.0]"
"['Surprise', 38.888888888888886]","['Disgust', 26.666666666666664]","['Anger', 28.0]"
"['Surprise', 38.75]","['Disgust', 26.666666666666664]","['Anger', 28.0]"
"['Surprise', 38.75]","['Disgust', 26.666666666666664]","['Anger', 28.0]"
"['Surprise', 38.666666666666664]","['Disgust', 26.666666666666664]","['Anger', 27.5]"
"['Surprise', 38.648648648648646]","['Disgust', 26.666666666666664]","['Anger', 27.5]"
"['Surprise', 38.62068965517241]","['Disgust', 26.666666666666664]","['Anger', 27.5]"
"['Surprise', 38.333333333333336]","['Disgust', 26.666666666666664]","['Anger', 27.5]"
"['Surprise', 38.333333333333336]","['Disgust', 26.666666666666664]","['Anger', 27.5]"
"['Surprise', 38.064516129032256]","['Disgust', 26.666666666666664]","['Anger', 27.36842105263158]"
"['Surprise', 37.77777777777778]","['Disgust', 26.315789473684212]","['Anger', 27.27272727272727]"
"['Surprise', 37.77777777777778]","['Disgust', 26.153846153846153]","['Anger', 27.27272727272727]"
"['Surprise', 37.5]","['Disgust', 26.0]","['Anger', 26.666666666666664]"
"['Surprise', 37.5]","['Disgust', 26.0]","['Anger', 26.666666666666664]"
"['Surprise', 37.5]","['Disgust', 25.714285714285715]","['Anger', 26.666666666666664]"
"['Surprise', 37.142857142857146]","['Disgust', 25.714285714285715]","['Anger', 26.666666666666664]"
"['Surprise', 37.142857142857146]","['Disgust', 25.714285714285715]","['Anger', 26.666666666666664]"
"['Surprise', 37.142857142857146]","['Disgust', 25.714285714285715]","['Anger', 26.666666666666664]"
"['Surprise', 37.142857142857146]","['Disgust', 25.714285714285715]","['Anger', 26.666666666666664]"
"['Surprise', 37.142857142857146]","['Disgust', 25.714285714285715]","['Anger', 26.666666666666664]"
"['Surprise', 36.666666666666664]","['Disgust', 25.555555555555554]","['Anger', 26.666666666666664]"
"['Surprise', 36.666666666666664]","['Disgust', 25.454545454545453]","['Anger', 26.666666666666664]"
"['Surprise', 36.666666666666664]","['Disgust', 25.454545454545453]","['Anger', 26.666666666666664]"
"['Surprise', 36.666666666666664]","['Disgust', 25.333333333333332]","['Anger', 26.666666666666664]"
"['Surprise', 36.666666666666664]","['Disgust', 25.333333333333332]","['Anger', 26.666666666666664]"
"['Surprise', 36.666666666666664]","['Disgust', 25.263157894736842]","['Anger', 26.666666666666664]"
"['Surprise', 36.666666666666664]","['Disgust', 25.0]","['Anger', 26.363636363636363]"
"['Surprise', 36.666666666666664]","['Disgust', 25.0]","['Anger', 26.25]"
"['Surprise', 36.666666666666664]","['Disgust', 25.0]","['Anger', 26.0]"
"['Surprise', 36.666666666666664]","['Disgust', 25.0]","['Anger', 25.714285714285715]"
"['Surprise', 36.470588235294116]","['Disgust', 25.0]","['Anger', 25.333333333333332]"
"['Surprise', 36.36363636363636]","['Disgust', 25.0]","['Anger', 25.0]"
"['Surprise', 36.0]","['Disgust', 25.0]","['Anger', 25.0]"
"['Surprise', 36.0]","['Disgust', 25.0]","['Anger', 25.0]"
"['Surprise', 36.0]","['Disgust', 25.0]","['Anger', 25.0]"
"['Surprise', 36.0]","['Disgust', 25.0]","['Anger', 25.0]"
"['Surprise', 36.0]","['Disgust', 25.0]","['Anger', 25.0]"
"['Surprise', 36.0]","['Disgust', 25.0]","['Anger', 25.0]"
"['Surprise', 36.0]","['Disgust', 24.705882352941178]","['Anger', 25.0]"
"['Surprise', 36.0]","['Disgust', 24.642857142857146]","['Anger', 25.0]"
"['Surprise', 36.0]","['Disgust', 24.615384615384617]","['Anger', 25.0]"
"['Surprise', 36.0]","['Disgust', 24.615384615384617]","['Anger', 25.0]"
"['Surprise', 36.0]","['Disgust', 24.583333333333336]","['Anger', 25.0]"
"['Surprise', 35.78947368421053]","['Disgust', 24.444444444444446]","['Anger', 25.0]"
"['Surprise', 35.78947368421053]","['Disgust', 24.444444444444446]","['Anger', 24.642857142857146]"
"['Surprise', 35.55555555555556]","['Disgust', 24.285714285714285]","['Anger', 24.615384615384617]"
"['Surprise', 35.55555555555556]","['Disgust', 24.0]","['Anger', 24.615384615384617]"
"['Surprise', 35.38461538461539]","['Disgust', 24.0]","['Anger', 24.545454545454547]"
"['Surprise', 35.0]","['Disgust', 24.0]","['Anger', 24.444444444444446]"
"['Surprise', 35.0]","['Disgust', 24.0]","['Anger', 24.444444444444446]"
"['Surprise', 35.0]","['Disgust', 24.0]","['Anger', 24.285714285714285]"
"['Surprise', 35.0]","['Disgust', 24.0]","['Anger', 24.210526315789473]"
"['Surprise', 35.0]","['Disgust', 24.0]","['Anger', 24.0]"
"['Surprise', 35.0]","['Disgust', 24.0]","['Anger', 24.0]"
"['Surprise', 35.0]","['Disgust', 24.0]","['Anger', 24.0]"
"['Surprise', 34.66666666666667]","['Disgust', 24.0]","['Anger', 24.0]"
"['Surprise', 34.66666666666667]","['Disgust', 24.0]","['Anger', 24.0]"
"['Surprise', 34.54545454545455]","['Disgust', 24.0]","['Anger', 24.0]"
"['Surprise', 34.54545454545455]","['Disgust', 24.0]","['Anger', 24.0]"
"['Surprise', 34.46808510638298]","['Disgust', 24.0]","['Anger', 24.0]"
"['Surprise', 34.44444444444444]","['Disgust', 23.870967741935484]","['Anger', 24.0]"
"['Surprise', 34.35897435897436]","['Disgust', 23.846153846153847]","['Anger', 24.0]"
"['Surprise', 34.285714285714285]","['Disgust', 23.636363636363637]","['Anger', 24.0]"
"['Surprise', 34.285714285714285]","['Disgust', 23.333333333333336]","['Anger', 23.846153846153847]"
"['Surprise', 34.285714285714285]","['Disgust', 23.333333333333336]","['Anger', 23.636363636363637]"
"['Surprise', 34.285714285714285]","['Disgust', 23.333333333333336]","['Anger', 23.58974358974359]"
"['Surprise', 34.285714285714285]","['Disgust', 23.333333333333336]","['Anger', 23.529411764705884]"
"['Surprise', 34.285714285714285]","['Disgust', 23.333333333333336]","['Anger', 23.529411764705884]"
"['Surprise', 34.285714285714285]","['Disgust', 23.243243243243242]","['Anger', 23.333333333333336]"
"['Surprise', 34.285714285714285]","['Disgust', 23.0]","['Anger', 23.333333333333336]"
"['Surprise', 34.285714285714285]","['Disgust', 22.857142857142854]","['Anger', 23.333333333333336]"
"['Surprise', 34.285714285714285]","['Disgust', 22.857142857142854]","['Anger', 23.333333333333336]"
"['Surprise', 34.285714285714285]","['Disgust', 22.857142857142854]","['Anger', 23.333333333333336]"
"['Surprise', 34.074074074074076]","['Disgust', 22.857142857142854]","['Anger', 23.157894736842106]"
"['Surprise', 34.0]","['Disgust', 22.857142857142854]","['Anger', 22.962962962962962]"
"['Surprise', 34.0]","['Disgust', 22.857142857142854]","['Anger', 22.857142857142854]"
"['Surprise', 34.0]","['Disgust', 22.666666666666664]","['Anger', 22.666666666666664]"
"['Surprise', 33.6]","['Disgust', 22.666666666666664]","['Anger', 22.666666666666664]"
"['Surprise', 33.54838709677419]","['Disgust', 22.666666666666664]","['Anger', 22.580645161290324]"
"['Surprise', 33.54838709677419]","['Disgust', 22.60869565217391]","['Anger', 22.5]"
"['Surprise', 33.53846153846154]","['Disgust', 22.5]","['Anger', 22.5]"
"['Surprise', 33.333333333333336]","['Disgust', 22.5]","['Anger', 22.22222222222222]"
"['Surprise', 33.333333333333336]","['Disgust', 22.5]","['Anger', 22.22222222222222]"
"['Surprise', 33.333333333333336]","['Disgust', 22.22222222222222]","['Anger', 22.16216216216216]"
"['Surprise', 33.333333333333336]","['Disgust', 22.22222222222222]","['Anger', 21.818181818181817]"
"['Surprise', 33.333333333333336]","['Disgust', 22.153846153846153]","['Anger', 21.777777777777775]"
"['Surprise', 33.333333333333336]","['Disgust', 22.0]","['Anger', 21.666666666666664]"
"['Surprise', 32.903225806451616]","['Disgust', 21.92982456140351]","['Anger', 21.666666666666664]"
"['Surprise', 32.857142857142854]","['Disgust', 21.818181818181817]","['Anger', 21.666666666666664]"
"['Surprise', 32.857142857142854]","['Disgust', 21.724137931034484]","['Anger', 21.538461538461537]"
"['Surprise', 32.857142857142854]","['Disgust', 21.29032258064516]","['Anger', 21.481481481481485]"
"['Surprise', 32.72727272727273]","['Disgust', 21.25]","['Anger', 21.428571428571427]"
"['Surprise', 32.72727272727273]","['Disgust', 21.25]","['Anger', 21.428571428571427]"
"['Surprise', 32.72727272727273]","['Disgust', 21.052631578947366]","['Anger', 21.304347826086957]"
"['Surprise', 32.63157894736842]","['Disgust', 21.0]","['Anger', 21.0]"
"['Surprise', 32.5]","['Disgust', 21.0]","['Anger', 21.0]"
"['Surprise', 32.5]","['Disgust', 20.64516129032258]","['Anger', 20.64516129032258]"
"['Surprise', 32.5]","['Disgust', 20.0]","['Anger', 20.64516129032258]"
"['Surprise', 32.5]","['Disgust', 20.0]","['Anger', 20.0]"
"['Surprise', 32.5]","['Disgust', 20.0]","['Anger', 20.0]"
"['Surprise', 32.22222222222222]","['Disgust', 20.0]","['Anger', 20.0]"
"['Surprise', 32.173913043478265]","['Disgust', 20.0]","['Anger', 20.0]"
"['Surprise', 32.0]","['Disgust', 20.0]","['Anger', 20.0]"
"['Surprise', 32.0]","['Disgust', 20.0]","['Anger', 20.0]"
"['Surprise', 32.0]","['Disgust', 20.0]","['Anger', 20.0]"
"['Surprise', 32.0]","['Disgust', 20.0]","['Anger', 20.0]"
"['Surprise', 32.0]","['Disgust', 20.0]","['Anger', 20.0]"
"['Surprise', 32.0]","['Disgust', 20.0]","['Anger', 20.0]"
"['Surprise', 32.0]","['Disgust', 20.0]","['Anger', 20.0]"
"['Surprise', 32.0]","['Disgust', 20.0]","['Anger', 20.0]"
"['Surprise', 32.0]","['Disgust', 20.0]","['Anger', 20.0]"
"['Surprise', 32.0]","['Disgust', 20.0]","['Anger', 20.0]"
"['Surprise', 31.818181818181817]","['Disgust', 20.0]","['Anger', 20.0]"
"['Surprise', 31.666666666666664]","['Disgust', 20.0]","['Anger', 20.0]"
"['Surprise', 31.666666666666664]","['Disgust', 20.0]","['Anger', 20.0]"
"['Surprise', 31.61290322580645]","['Disgust', 20.0]","['Anger', 20.0]"
"['Surprise', 31.428571428571427]","['Disgust', 20.0]","['Anger', 20.0]"
"['Surprise', 31.428571428571427]","['Disgust', 20.0]","['Anger', 20.0]"
"['Surprise', 31.428571428571427]","['Disgust', 20.0]","['Anger', 20.0]"
"['Surprise', 31.428571428571427]","['Disgust', 20.0]","['Anger', 20.0]"
"['Surprise', 31.40350877192983]","['Disgust', 20.0]","['Anger', 20.0]"
"['Surprise', 31.25]","['Disgust', 20.0]","['Anger', 20.0]"
"['Surprise', 31.25]","['Disgust', 20.0]","['Anger', 20.0]"
"['Surprise', 31.11111111111111]","['Disgust', 20.0]","['Anger', 20.0]"
"['Surprise', 31.11111111111111]","['Disgust', 20.0]","['Anger', 20.0]"
"['Surprise', 31.11111111111111]","['Disgust', 20.0]","['Anger', 20.0]"
"['Surprise', 31.11111111111111]","['Disgust', 20.0]","['Anger', 20.0]"
"['Surprise', 31.11111111111111]","['Disgust', 20.0]","['Anger', 20.0]"
"['Surprise', 31.0]","['Disgust', 20.0]","['Anger', 20.0]"
"['Surprise', 31.0]","['Disgust', 20.0]","['Anger', 20.0]"
"['Surprise', 30.909090909090907]","['Disgust', 20.0]","['Anger', 20.0]"
"['Surprise', 30.909090909090907]","['Disgust', 20.0]","['Anger', 20.0]"
"['Surprise', 30.909090909090907]","['Disgust', 20.0]","['Anger', 20.0]"
"['Surprise', 30.909090909090907]","['Disgust', 20.0]","['Anger', 20.0]"
"['Surprise', 30.793650793650794]","['Disgust', 20.0]","['Anger', 20.0]"
"['Surprise', 30.76923076923077]","['Disgust', 20.0]","['Anger', 20.0]"
"['Surprise', 30.76923076923077]","['Disgust', 20.0]","['Anger', 20.0]"
"['Surprise', 30.731707317073173]","['Disgust', 20.0]","['Anger', 20.0]"
"['Surprise', 30.666666666666668]","['Disgust', 20.0]","['Anger', 19.692307692307693]"
"['Surprise', 30.588235294117645]","['Disgust', 20.0]","['Anger', 19.473684210526315]"
"['Surprise', 30.434782608695656]","['Disgust', 20.0]","['Anger', 19.047619047619047]"
"['Surprise', 30.4]","['Disgust', 20.0]","['Anger', 19.0]"
"['Surprise', 30.4]","['Disgust', 20.0]","['Anger', 19.0]"
"['Surprise', 30.344827586206897]","['Disgust', 20.0]","['Anger', 18.94736842105263]"
"['Surprise', 30.0]","['Disgust', 20.0]","['Anger', 18.666666666666668]"
"['Surprise', 30.0]","['Disgust', 20.0]","['Anger', 18.666666666666668]"
"['Surprise', 30.0]","['Disgust', 20.0]","['Anger', 18.620689655172413]"
"['Surprise', 30.0]","['Disgust', 20.0]","['Anger', 18.571428571428573]"
"['Surprise', 30.0]","['Disgust', 20.0]","['Anger', 18.18181818181818]"
"['Surprise', 30.0]","['Disgust', 20.0]","['Anger', 18.0]"
"['Surprise', 30.0]","['Disgust', 20.0]","['Anger', 18.0]"
"['Surprise', 30.0]","['Disgust', 20.0]","['Anger', 17.82608695652174]"
"['Surprise', 30.0]","['Disgust', 20.0]","['Anger', 17.77777777777778]"
"['Surprise', 30.0]","['Disgust', 20.0]","['Anger', 17.77777777777778]"
"['Surprise', 30.0]","['Disgust', 20.0]","['Anger', 17.6]"
"['Surprise', 30.0]","['Disgust', 20.0]","['Anger', 17.5]"
"['Surprise', 30.0]","['Disgust', 20.0]","['Anger', 17.142857142857142]"
"['Surprise', 30.0]","['Disgust', 20.0]","['Anger', 17.142857142857142]"
"['Surprise', 30.0]","['Disgust', 20.0]","['Anger', 17.142857142857142]"
"['Surprise', 30.0]","['Disgust', 20.0]","['Anger', 17.142857142857142]"
"['Surprise', 30.0]","['Disgust', 20.0]","['Anger', 17.073170731707318]"
"['Surprise', 30.0]","['Disgust', 20.0]","['Anger', 17.0]"
"['Surprise', 30.0]","['Disgust', 20.0]","['Anger', 16.666666666666668]"
"['Surprise', 30.0]","['Disgust', 20.0]","['Anger', 16.666666666666668]"
"['Surprise', 30.0]","['Disgust', 20.0]","['Anger', 16.666666666666668]"
"['Surprise', 30.0]","['Disgust', 20.0]","['Anger', 16.363636363636363]"
"['Surprise', 30.0]","['Disgust', 20.0]","['Anger', 16.363636363636363]"
"['Surprise', 30.0]","['Disgust', 20.0]","['Anger', 16.0]"
"['Surprise', 30.0]","['Disgust', 19.666666666666664]","['Anger', 16.0]"
"['Surprise', 30.0]","['Disgust', 19.35483870967742]","['Anger', 16.0]"
"['Surprise', 30.0]","['Disgust', 19.047619047619047]","['Anger', 16.0]"
"['Surprise', 30.0]","['Disgust', 19.024390243902438]","['Anger', 16.0]"
"['Surprise', 30.0]","['Disgust', 19.0]","['Anger', 16.0]"
"['Surprise', 30.0]","['Disgust', 18.823529411764707]","['Anger', 16.0]"
"['Surprise', 30.0]","['Disgust', 18.75]","['Anger', 16.0]"
"['Surprise', 30.0]","['Disgust', 18.695652173913043]","['Anger', 15.625]"
"['Surprise', 30.0]","['Disgust', 18.571428571428573]","['Anger', 15.555555555555555]"
"['Surprise', 30.0]","['Disgust', 18.333333333333332]","['Anger', 15.555555555555555]"
"['Surprise', 30.0]","['Disgust', 18.333333333333332]","['Anger', 15.348837209302326]"
"['Surprise', 30.0]","['Disgust', 18.18181818181818]","['Anger', 15.294117647058822]"
"['Surprise', 30.0]","['Disgust', 18.0]","['Anger', 15.0]"
"['Surprise', 30.0]","['Disgust', 18.0]","['Anger', 15.0]"
"['Surprise', 30.0]","['Disgust', 18.0]","['Anger', 14.920634920634921]"
"['Surprise', 30.0]","['Disgust', 18.0]","['Anger', 14.545454545454547]"
"['Surprise', 30.0]","['Disgust', 18.0]","['Anger', 14.285714285714286]"
"['Surprise', 30.0]","['Disgust', 17.894736842105264]","['Anger', 14.285714285714286]"
"['Surprise', 30.0]","['Disgust', 17.77777777777778]","['Anger', 14.0]"
"['Surprise', 30.0]","['Disgust', 17.77777777777778]","['Anger', 13.773584905660377]"
"['Surprise', 30.0]","['Disgust', 17.77777777777778]","['Anger', 13.636363636363635]"
"['Surprise', 30.0]","['Disgust', 17.647058823529413]","['Anger', 13.600000000000001]"
"['Surprise', 30.0]","['Disgust', 17.6]","['Anger', 13.513513513513512]"
"['Surprise', 30.0]","['Disgust', 17.5]","['Anger', 13.333333333333332]"
"['Surprise', 30.0]","['Disgust', 17.5]","['Anger', 11.470588235294116]"
"['Surprise', 30.0]","['Disgust', 17.5]"
"['Surprise', 30.0]","['Disgust', 17.5]"
"['Surprise', 29.333333333333332]","['Disgust', 17.5]"
"['Surprise', 29.23076923076923]","['Disgust', 17.5]"
"['Surprise', 29.090909090909093]","['Disgust', 17.333333333333336]"
"['Surprise', 29.090909090909093]","['Disgust', 17.333333333333336]"
"['Surprise', 29.032258064516128]","['Disgust', 17.209302325581394]"
"['Surprise', 29.0]","['Disgust', 17.142857142857142]"
"['Surprise', 28.88888888888889]","['Disgust', 17.142857142857142]"
"['Surprise', 28.88888888888889]","['Disgust', 17.142857142857142]"
"['Surprise', 28.88888888888889]","['Disgust', 17.142857142857142]"
"['Surprise', 28.571428571428573]","['Disgust', 17.142857142857142]"
"['Surprise', 28.571428571428573]","['Disgust', 17.142857142857142]"
"['Surprise', 28.571428571428573]","['Disgust', 17.142857142857142]"
"['Surprise', 28.571428571428573]","['Disgust', 17.142857142857142]"
"['Surprise', 28.23529411764706]","['Disgust', 17.142857142857142]"
"['Surprise', 28.23529411764706]","['Disgust', 17.142857142857142]"
"['Surprise', 28.125]","['Disgust', 16.842105263157894]"
"['Surprise', 28.0]","['Disgust', 16.666666666666668]"
"['Surprise', 28.0]","['Disgust', 16.666666666666668]"
"['Surprise', 28.0]","['Disgust', 16.666666666666668]"
"['Surprise', 28.0]","['Disgust', 16.666666666666668]"
"['Surprise', 28.0]","['Disgust', 16.666666666666668]"
"['Surprise', 28.0]","['Disgust', 16.666666666666668]"
"['Surprise', 28.0]","['Disgust', 16.666666666666668]"
"['Surprise', 28.0]","['Disgust', 16.666666666666668]"
"['Surprise', 28.0]","['Disgust', 16.666666666666668]"
"['Surprise', 28.0]","['Disgust', 16.52173913043478]"
"['Surprise', 28.0]","['Disgust', 16.52173913043478]"
"['Surprise', 28.0]","['Disgust', 16.470588235294116]"
"['Surprise', 28.0]","['Disgust', 16.363636363636363]"
"['Surprise', 28.0]","['Disgust', 16.363636363636363]"
"['Surprise', 27.735849056603776]","['Disgust', 16.363636363636363]"
"['Surprise', 27.5]","['Disgust', 16.25]"
"['Surprise', 27.5]","['Disgust', 16.0]"
"['Surprise', 27.5]","['Disgust', 16.0]"
"['Surprise', 27.5]","['Disgust', 16.0]"
"['Surprise', 27.5]","['Disgust', 16.0]"
"['Surprise', 27.27272727272727]","['Disgust', 16.0]"
"['Surprise', 27.142857142857146]","['Disgust', 16.0]"
"['Surprise', 27.0]","['Disgust', 16.0]"
"['Surprise', 26.97674418604651]","['Disgust', 16.0]"
"['Surprise', 26.956521739130434]","['Disgust', 16.0]"
"['Surprise', 26.666666666666664]","['Disgust', 15.789473684210527]"
"['Surprise', 26.666666666666664]","['Disgust', 15.714285714285714]"
"['Surprise', 26.666666666666664]","['Disgust', 15.555555555555555]"
"['Surprise', 26.666666666666664]","['Disgust', 15.555555555555555]"
"['Surprise', 26.666666666666664]","['Disgust', 15.555555555555555]"
"['Surprise', 26.666666666666664]","['Disgust', 15.471698113207548]"
"['Surprise', 26.666666666666664]","['Disgust', 15.172413793103448]"
"['Surprise', 26.666666666666664]","['Disgust', 15.0]"
"['Surprise', 26.666666666666664]","['Disgust', 15.0]"
"['Surprise', 26.666666666666664]","['Disgust', 15.0]"
"['Surprise', 26.666666666666664]","['Disgust', 15.0]"
"['Surprise', 26.666666666666664]","['Disgust', 15.0]"
"['Surprise', 26.666666666666664]","['Disgust', 15.0]"
"['Surprise', 26.666666666666664]","['Disgust', 15.0]"
"['Surprise', 26.25]","['Disgust', 15.0]"
"['Surprise', 26.153846153846153]","['Disgust', 15.0]"
"['Surprise', 25.714285714285715]","['Disgust', 15.0]"
"['Surprise', 25.714285714285715]","['Disgust', 15.0]"
"['Surprise', 25.714285714285715]","['Disgust', 15.0]"
"['Surprise', 25.555555555555554]","['Disgust', 15.0]"
"['Surprise', 25.555555555555554]","['Disgust', 15.0]"
"['Surprise', 25.454545454545453]","['Disgust', 15.0]"
"['Surprise', 25.0]","['Disgust', 15.0]"
"['Surprise', 25.0]","['Disgust', 15.0]"
"['Surprise', 25.0]","['Disgust', 15.0]"
"['Surprise', 25.0]","['Disgust', 15.0]"
"['Surprise', 25.0]","['Disgust', 14.782608695652172]"
"['Surprise', 25.0]","['Disgust', 14.782608695652172]"
"['Surprise', 24.782608695652172]","['Disgust', 14.705882352941178]"
"['Surprise', 24.705882352941178]","['Disgust', 14.545454545454547]"
"['Surprise', 24.516129032258064]","['Disgust', 14.545454545454547]"
"['Surprise', 24.444444444444446]","['Disgust', 14.545454545454547]"
"['Surprise', 24.347826086956523]","['Disgust', 14.285714285714286]"
"['Surprise', 24.242424242424242]","['Disgust', 14.285714285714286]"
"['Surprise', 24.210526315789473]","['Disgust', 14.285714285714286]"
"['Surprise', 24.210526315789473]","['Disgust', 14.285714285714286]"
"['Surprise', 24.0]","['Disgust', 14.285714285714286]"
"['Surprise', 24.0]","['Disgust', 14.054054054054054]"
"['Surprise', 24.0]","['Disgust', 14.0]"
"['Surprise', 24.0]","['Disgust', 14.0]"
"['Surprise', 24.0]","['Disgust', 13.846153846153847]"
"['Surprise', 24.0]","['Disgust', 13.75]"
"['Surprise', 24.0]","['Disgust', 13.333333333333332]"
"['Surprise', 23.529411764705884]","['Disgust', 13.333333333333332]"
"['Surprise', 23.47826086956522]","['Disgust', 13.333333333333332]"
"['Surprise', 23.333333333333336]","['Disgust', 13.333333333333332]"
"['Surprise', 23.333333333333336]","['Disgust', 13.333333333333332]"
"['Surprise', 23.333333333333336]","['Disgust', 13.333333333333332]"
"['Surprise', 23.243243243243242]","['Disgust', 13.333333333333332]"
"['Surprise', 22.857142857142854]","['Disgust', 13.333333333333332]"
"['Surprise', 22.857142857142854]","['Disgust', 13.333333333333332]"
"['Surprise', 22.857142857142854]","['Disgust', 13.333333333333332]"
"['Surprise', 22.758620689655174]","['Disgust', 13.333333333333332]"
"['Surprise', 22.72727272727273]","['Disgust', 13.333333333333332]"
"['Surprise', 22.5]","['Disgust', 13.333333333333332]"
"['Surprise', 22.5]","['Disgust', 13.333333333333332]"
"['Surprise', 22.352941176470587]","['Disgust', 13.333333333333332]"
"['Surprise', 22.22222222222222]","['Disgust', 13.333333333333332]"
"['Surprise', 22.22222222222222]","['Disgust', 13.333333333333332]"
"['Surprise', 22.22222222222222]","['Disgust', 13.333333333333332]"
"['Surprise', 22.0]","['Disgust', 13.333333333333332]"
"['Surprise', 21.818181818181817]","['Disgust', 13.333333333333332]"
"['Surprise', 21.818181818181817]","['Disgust', 13.333333333333332]"
"['Surprise', 21.052631578947366]","['Disgust', 12.5]"
"['Surprise', 20.909090909090907]","['Disgust', 12.173913043478262]"
"['Surprise', 20.8]","['Disgust', 12.0]"
"['Surprise', 20.0]","['Disgust', 12.0]"
"['Surprise', 20.0]","['Disgust', 12.0]"
"['Surprise', 20.0]","['Disgust', 12.0]"
"['Surprise', 20.0]","['Disgust', 12.0]"
"['Surprise', 20.0]","['Disgust', 12.0]"
"['Surprise', 20.0]","['Disgust', 12.0]"
"['Surprise', 20.0]","['Disgust', 12.0]"
"['Surprise', 20.0]","['Disgust', 11.891891891891893]"
"['Surprise', 20.0]","['Disgust', 11.764705882352942]"
"['Surprise', 20.0]","['Disgust', 11.666666666666668]"
"['Surprise', 20.0]","['Disgust', 11.304347826086955]"
"['Surprise', 20.0]","['Disgust', 11.25]"
"['Surprise', 20.0]","['Disgust', 11.200000000000001]"
"['Surprise', 20.0]","['Disgust', 11.11111111111111]"
"['Surprise', 20.0]","['Disgust', 11.11111111111111]"
"['Surprise', 20.0]","['Disgust', 11.11111111111111]"
"['Surprise', 20.0]","['Disgust', 10.909090909090908]"
"['Surprise', 20.0]","['Disgust', 10.769230769230768]"
"['Surprise', 20.0]","['Anger', 80.0]"
"['Surprise', 20.0]","['Anger', 80.0]"
"['Surprise', 20.0]","['Anger', 80.0]"
"['Surprise', 20.0]","['Anger', 60.0]"
"['Surprise', 20.0]","['Anger', 60.0]"
"['Surprise', 20.0]","['Anger', 60.0]"
"['Surprise', 20.0]","['Anger', 60.0]"
"['Surprise', 20.0]","['Anger', 60.0]"
"['Surprise', 20.0]","['Anger', 53.33333333333333]"
"['Surprise', 20.0]","['Anger', 53.33333333333333]"
"['Surprise', 20.0]","['Anger', 53.33333333333333]"
"['Surprise', 20.0]","['Anger', 52.0]"
"['Surprise', 20.0]","['Anger', 50.0]"
"['Surprise', 19.705882352941178]","['Anger', 50.0]"
"['Surprise', 19.375]","['Anger', 40.0]"
"['Surprise', 18.421052631578945]","['Anger', 40.0]"
"['Surprise', 18.400000000000002]","['Anger', 40.0]"
"['Surprise', 18.333333333333332]","['Anger', 40.0]"
"['Surprise', 18.0]","['Anger', 40.0]"
"['Surprise', 18.0]","['Anger', 40.0]"
"['Surprise', 18.0]","['Anger', 40.0]"
"['Surprise', 17.857142857142858]","['Anger', 40.0]"
"['Surprise', 17.82608695652174]","['Anger', 37.77777777777778]"
"['Surprise', 17.77777777777778]","['Anger', 37.142857142857146]"
"['Surprise', 17.5]","['Anger', 37.142857142857146]"
"['Surprise', 17.2972972972973]","['Anger', 37.142857142857146]"
"['Surprise', 17.142857142857142]","['Anger', 36.92307692307693]"
"['Surprise', 17.142857142857142]","['Anger', 35.0]"
"['Surprise', 17.142857142857142]","['Anger', 35.0]"
"['Surprise', 16.666666666666668]","['Anger', 33.333333333333336]"
"['Surprise', 16.25]","['Anger', 33.333333333333336]"
"['Surprise', 16.0]","['Anger', 32.5]"
"['Surprise', 15.384615384615385]","['Anger', 32.0]"
"['Surprise', 15.384615384615385]","['Anger', 31.428571428571427]"
"['Surprise', 15.0]","['Anger', 31.11111111111111]"
"['Surprise', 15.0]","['Anger', 30.76923076923077]"
"['Surprise', 15.0]","['Anger', 30.0]"
"['Surprise', 15.0]","['Anger', 30.0]"
"['Surprise', 14.285714285714286]","['Anger', 30.0]"
"['Surprise', 13.333333333333332]","['Anger', 30.0]"
"['Surprise', 13.333333333333332]","['Anger', 30.0]"
"['Surprise', 13.333333333333332]","['Anger', 30.0]"
"['Surprise', 12.5]","['Anger', 28.0]"
"['Sadness', 20.0]","['Anger', 28.0]"
"['Sadness', 20.0]","['Anger', 28.0]"
"['Sadness', 20.0]","['Anger', 28.0]"
"['Sadness', 20.0]","['Anger', 28.0]"
"['Fear', 17.142857142857142]","['Anger', 27.5]"
"['Disgust', 80.0]","['Anger', 26.666666666666664]"
"['Disgust', 80.0]","['Anger', 26.666666666666664]"
"['Disgust', 80.0]","['Anger', 26.666666666666664]"
"['Disgust', 80.0]","['Anger', 26.666666666666664]"
"['Disgust', 60.0]","['Anger', 26.666666666666664]"
"['Disgust', 60.0]","['Anger', 26.666666666666664]"
"['Disgust', 52.0]","['Anger', 26.666666666666664]"
"['Disgust', 50.0]","['Anger', 26.666666666666664]"
"['Disgust', 40.0]","['Anger', 26.666666666666664]"
"['Disgust', 40.0]","['Anger', 26.666666666666664]"
"['Disgust', 40.0]","['Anger', 26.666666666666664]"
"['Disgust', 40.0]","['Anger', 26.19047619047619]"
"['Disgust', 40.0]","['Anger', 25.833333333333336]"
"['Disgust', 40.0]","['Anger', 25.454545454545453]"
"['Disgust', 40.0]","['Anger', 25.333333333333332]"
"['Disgust', 40.0]","['Anger', 25.0]"
"['Disgust', 37.142857142857146]","['Anger', 25.0]"
"['Disgust', 35.0]","['Anger', 24.444444444444446]"
"['Disgust', 33.84615384615385]","['Anger', 23.636363636363637]"
"['Disgust', 32.0]","['Anger', 23.404255319148938]"
"['Disgust', 32.0]","['Anger', 23.333333333333336]"
"['Disgust', 31.666666666666664]","['Anger', 23.333333333333336]"
"['Disgust', 30.0]","['Anger', 23.225806451612904]"
"['Disgust', 30.0]","['Anger', 23.225806451612904]"
"['Disgust', 30.0]","['Anger', 22.857142857142854]"
"['Disgust', 26.666666666666664]","['Anger', 22.857142857142854]"
"['Disgust', 26.666666666666664]","['Anger', 22.5]"
"['Disgust', 26.666666666666664]","['Anger', 22.22222222222222]"
"['Disgust', 26.666666666666664]","['Anger', 22.0]"
"['Disgust', 26.666666666666664]","['Anger', 22.0]"
"['Disgust', 26.666666666666664]","['Anger', 22.0]"
"['Disgust', 25.0]","['Anger', 21.176470588235293]"
"['Disgust', 25.0]","['Anger', 20.0]"
"['Disgust', 22.857142857142854]","['Anger', 20.0]"
"['Disgust', 22.5]","['Anger', 20.0]"
"['Disgust', 20.0]","['Anger', 20.0]"
"['Disgust', 20.0]","['Anger', 20.0]"
"['Disgust', 20.0]","['Anger', 20.0]"
"['Disgust', 16.666666666666668]","['Anger', 19.310344827586206]"
"['Disgust', 16.666666666666668]","['Anger', 18.18181818181818]"
"['Disgust', 16.0]","['Anger', 17.77777777777778]"
"['Disgust', 15.0]","['Anger', 17.5]"
"['Disgust', 14.285714285714286]","['Anger', 17.5]"
"['Disgust', 13.333333333333332]","['Anger', 16.923076923076923]"
"['Disgust', 13.333333333333332]","['Anger', 16.363636363636363]"
"['Disgust', 13.333333333333332]","['Anger', 16.0]"
"['Anger', 100.0]","['Anger', 16.0]"
"['Anger', 80.0]","['Anger', 16.0]"
"['Anger', 53.33333333333333]","['Anger', 15.384615384615385]"
"['Anger', 50.0]","['Anger', 15.263157894736842]"
"['Anger', 50.0]","['Anger', 14.285714285714286]"
"['Anger', 40.0]","['Anger', 13.333333333333332]"
"['Anger', 37.142857142857146]","['Anger', 13.333333333333332]"
"['Anger', 25.0]","['Anger', 13.333333333333332]"
"['Anger', 20.0]","['Anger', 13.333333333333332]"
"['Anger', 20.0]","['Anger', 12.727272727272727]"
"['Anger', 19.23076923076923]","['Anger', 12.5]"
"['Anger', 15.0]","['Anger', 12.5]"
